id_empleado,curp,rfc,nombre,apellido_paterno,apellido materno,fecha_ingreso,tipo,email,numero_exterior,numero_interior,estado,codigo_postal,calle,id_sucursal,id_empleado1
315289014,ZAGE851111UPLO98U5,ZAGE851115,GINA,ZAFRA,,2001-01-11,C,ginazaf@gmail.com,213,2,CDMX,12350,pedregal,713333,418759684
419412987,MAJU62011ATM228SS5,MAJU62011B,JUAN,MARTINEZ,ARTEAGA,2000-10-20,V,juanmar@gmail.com,9178,6,CDMX,10782,osa mayor,7941523,216257810
217318574,DAFR710108ULM528R2,DAGR710108,ROMAN,D'ANGELO,FARGO,1990-01-11,V,romanfar@gmail.com,1171,24,CDMX,13524,osa menor,713333,419412987
317884964,OACR861121QRD41L98,OACR861121,ROBERTO,FAUSTO,CARBALLO,2021-11-11,C,robertofaus@gmail.com,879,12,CDMX,14589,capricornio,258996,315289014
418759684,VAMU791001YTR51ML2,VAMU791001,JUAN,DEL VALLE,MARTINEZ,1969-10-11,L,juanmar@gmail.com,123,212,CMDX,16220,13,258996,216257810
216257810,CAHA8112218UNR878U,CAHA8112218,JOSE,CAMARGO ,HERNANDEZ,1999-07-11,C,josecam@gmail.com,1212,19,CDMX,12658,54,713333,418759684